{
	"foreign_ids": [
	],
	"mod_desc": {
		"author": "1002769323",
		"filename": "LandMines",
		"uuid": "667f325c-1ff1-11e7-93ae-92361f002671",
		"version": "1" 
	},
	"property": {
		"Effect": "31301",
        "texture":"Dummy",
		"TextureID": 1,
		"attack": 2,
		"attack_distance": 3,
		"attack_type": 2,
		"buff_id": 0,
		"copyid": 4000,
		"desc": "\n",
		"drop_exp": 0,
		"drop_exp_prob": 0,
		"drop_item1": 0,
		"drop_item2": 0,
		"drop_item3": 0,
		"drop_item_prob1": 0,
		"drop_item_prob2": 0,
		"drop_item_prob3": 0,
		"height": 120,
		"hit_height": 150,
		"hit_thickness": 150,
		"hit_width": 150,
		"icon": "3414",
		"id": 2,
		"life": 1,
		"mass": 99999,
		"model": "100035",
		"model_scale": 0.7,
		"name": "#BLava LandMines",
		"speed": 0,
		"team_id": 0,
		"type": 0,
		"view_distance": 3,
		"width": 120 
	},
	"set_ai": [
		{
			"name": "boom_atk",
			"priority": 2 
		},
		{
			"brightness": 0,
			"chance": 0,
			"check_sight": true,
			"minhp": 0,
			"name": "target_nearest",
			"priority": 2 
		} 
	] 
} 
