{
	"foreign_ids": [
		{
			"id": 100222,
			"key": "1002769323667f325c-1ff1-11e7-93ae-92361f0026711533609310" 
		} 
	],
	"mod_desc": {
		"author": "1002769323",
		"filename": "SpellWaterAreaDummy",
		"uuid": "667f325c-1ff1-11e7-93ae-92361f002671",
		"version": "1" 
	},
	"property": {
        "texture":"dummy",
		"Effect": "31301",
		"TextureID": 1,
		"attack": 0,
		"attack_distance": 10,
		"attack_type": 1,
		"buff_id": 0,
		"copyid": 4000,
		"desc": "Auto launch Spells",
		"drop_exp": 0,
		"drop_exp_prob": 0,
		"drop_item1": 0,
		"drop_item2": 0,
		"drop_item3": 0,
		"drop_item_prob1": 0,
		"drop_item_prob2": 0,
		"drop_item_prob3": 0,
		"height": 20,
		"hit_height": 0,
		"hit_thickness": 0,
		"hit_width": 150,
		"icon": "3414",
		"id": 16,
		"life": 2000,
		"mass": 10,
		"model": "100035",
		"model_scale": 0.1,
		"name": "SpellWaterDummy",
		"speed": 0,
		"team_id": 0,
		"type": 0,
		"view_distance": 10,
		"width": 50 
	},
	"set_ai": [
		{
			"atkrange": 1500,
			"buffid": 0,
			"count": 15,
			"max_atktime": 20,
			"min_atktime": 20,
			"name": "projectile_attack",
			"power": 1.5,
			"priority": 2,
			"projectileid": 4168,
			"speed": 1 
		},
		{
			"brightness": 0,
			"chance": 0,
			"check_sight": false,
			"minhp": 0,
			"name": "target_nearest",
			"priority": 2 
		} 
	] 
} 

