{
	"foreign_ids": [
		{
			"id": 100230,
			"key": "1002769323667f325c-1ff1-11e7-93ae-92361f0026711534214335" 
		} 
	],
	"mod_desc": {
		"author": "1002769323",
		"filename": "WindElemental",
		"uuid": "667f325c-1ff1-11e7-93ae-92361f002671",
		"version": "1" 
	},
	"property": {
		"Effect": "35011",
		"TextureID": 0,
		"attack": 5,
		"attack_distance": 5,
		"attack_type": 1,
		"buff_id": 0,
		"desc": "",
		"drop_exp": 0,
		"drop_exp_prob": 0,
		"drop_item1": 0,
		"drop_item2": 0,
		"drop_item3": 0,
		"drop_item_prob1": 0,
		"drop_item_prob2": 0,
		"drop_item_prob3": 0,
		"height": 270,
		"hit_height": 300,
		"hit_thickness": 100,
		"hit_width": 100,
		"icon": "3501",
		"id": 3501,
		"life": 50,
		"model": "100049",
		"model_scale": 0.7,
		"name": "Wind Elemental",
		"speed": 400,
		"team_id": 0,
		"type": 0,
		"view_distance": 20,
		"width": 90 
	},
	"set_ai": [
		{
			"name": "wander",
			"priority": 2,
			"speed": 1 
		},
		{
			"atkrange": 1500,
			"buffid": 0,
			"count": 1,
			"max_atktime": 40,
			"min_atktime": 40,
			"name": "projectile_attack",
			"power": 1,
			"priority": 2,
			"projectileid": 4110,
			"speed": 1 
		},
		{
			"brightness": 0,
			"chance": 0,
			"check_sight": true,
			"minhp": 0,
			"name": "target_nearest",
			"priority": 2 
		} 
	] 
} 
