{
	"foreign_ids": [
		{
			"id": 100222,
			"key": "1002769323667f325c-1ff1-11e7-93ae-92361f0026711533609310" 
		} 
	],
	"mod_desc": {
		"author": "1002769323",
		"filename": "WindTornadoDummy",
		"uuid": "667f325c-1ff1-11e7-93ae-92361f002671",
		"version": "1" 
	},
	"property": {
        "texture":"dummy",
		"Effect": "mob_3107_1",
		"TextureID": 0,
		"attack": 0,
		"attack_distance": 10,
		"attack_type": 1,
		"buff_id": 0,
		"copyid": 4000,
		"desc": "Pull all nerby enemies to it",
		"drop_exp": 0,
		"drop_exp_prob": 0,
		"drop_item1": 0,
		"drop_item2": 0,
		"drop_item3": 0,
		"drop_item_prob1": 0,
		"drop_item_prob2": 0,
		"drop_item_prob3": 0,
		"height": 50,
		"hit_height": 60,
		"hit_thickness": 10,
		"hit_width": 10,
		"icon": "3107",
		"id": 12,
		"life": 9999,
		"mass": 999999,
		"model": "100037",
		"model_scale": 8,
		"name": "WindTornadoDummy",
		"speed": 0,
		"team_id": 0,
		"type":50,
		"view_distance": 15,
		"width": 15,  
        "armor_explode":999,
        "armor_range":999,
        "armor_punch":999,
	},
	"set_ai": [
		{
			"atkrange": 1500,
			"buffid": 0,
			"count": 1,
			"max_atktime": 0.1,
			"min_atktime": 0.1,
			"name": "projectile_attack",
			"power": 1,
			"priority": 2,
			"projectileid": 4151,
			"speed": 1 
		},
		{
			"brightness": 0,
			"chance": 0,
			"check_sight": true,
			"minhp": 0,
			"name": "target_nearest",
			"priority": 2 
		} 
	] 
} 
