{
	"foreign_ids": [
	],
	"itemskills": [
		{
			"ChargeTime": 1.5,
			"ChargeType": 0,
			"Cooldown": 5,
			"Costs": [
				{
					"CostTarget": 4123,
					"CostType": 1,
					"CostVal": 10 
				} 
			],
			"Functions": [
				{
					"AttackType": 0,
					"AttackVal": 0,
					"BuffID": 26001,
					"Duration": 3,
					"Odds": 100 
				} 
			],
			"RangeType": 0,
			"RangeVal1": 1000,
			"RangeVal2": 300,
			"RangeVal3": 300,
			"SkillType": 1,
			"TargetCamp": 1,
			"name": "feature_buff",
			"priority": 0,
			"templateid": 104 
		} 
	],
	"mod_desc": {
		"author": "1002769323",
		"filename": "SpellEarthMelee",
		"uuid": "667f325c-1ff1-11e7-93ae-92361f002671",
		"version": "1" 
	},
	"property": {
		"accumulate_time": 0.5,
		"attack": 10,
		"attack_consume": 0,
		"collect_consume": 0,
		"copyid": 12005,
		"describe": "#R+DMG: 10 (Melee)\n#YEffect: Shield 75% Damage reduction #cFF00FFChacra: -10",
		"icon": "*11016",
		"id": 4123,
		"model": "*11016",
		"name": "Heavy Mace",
		"tool_duration": 2000,
		"tool_efficient": 0,
		"tool_level": 0,
		"tool_repare_amount1": 100,
		"tool_repareid1": 11203,
		"tool_type": 6 
	} 
} 
