{
	"foreign_ids": [
	],
	"itemskills": [
		{
			"ChargeTime": 1,
			"ChargeType": 2,
			"Cooldown": 30,
			"Costs": [
				{
					"CostTarget": 4141,
					"CostType": 1,
					"CostVal": 60 
				} 
			],
			"Functions": [
				{
					"CallNum": 1,
					"Duration": 20,
					"IsFollow": 0,
					"MobID": 9 
				} 
			],
			"RangeType": 0,
			"RangeVal1": 1000,
			"RangeVal2": 300,
			"RangeVal3": 300,
			"SkillType": 1,
			"TargetCamp": 1,
			"name": "feature_call_monster",
			"priority": 0,
			"templateid": 103 
		} 
	],
	"mod_desc": {
		"author": "1002769323",
		"filename": "SpellFireInvocation",
		"uuid": "667f325c-1ff1-11e7-93ae-92361f002671",
		"version": "1" 
	},
	"property": {
		"copyid": 10100,
		"describe": "#RHP: 50 \/ DMG: Burn\n#cFF00FF-Chacra: 60\n#YEffect: Breath of fire, 3 fire missiles",
		"icon": "*13413",
		"id": 4142,
		"model": "*13413",
		"name": "#KDragonLizard",
		"stack_max": 64 
	} 
} 
