{
	"foreign_ids": [
	],
	"itemskills": [
		{
			"ChargeTime": 1.5,
			"ChargeType": 0,
			"Cooldown": 5,
			"Costs": [
				{
					"CostTarget": 4126,
					"CostType": 1,
					"CostVal": 10 
				} 
			],
			"Functions": [
				{
					"AttackType": 0,
					"AttackVal": 0 
				},
				{
					"BlowUpPower": 50,
					"RepelPower": 100 
				} 
			],
			"RangeType": 0,
			"RangeVal1": 1000,
			"RangeVal2": 300,
			"RangeVal3": 300,
			"SkillType": 1,
			"TargetCamp": 1,
			"name": "feature_attack",
			"priority": 0,
			"templateid": 101 
		} 
	],
	"mod_desc": {
		"author": "1002769323",
		"filename": "SpellEarthMovement",
		"uuid": "667f325c-1ff1-11e7-93ae-92361f002671",
		"version": "1" 
	},
	"property": {
		"copyid": 10100,
		"describe": "#cFF00FFChacra: -10\n#YEffect: Jump Foward fast.\n",
		"icon": "*12579",
		"id": 4126,
		"model": "*12579",
		"name": "Earth's Leap",
		"stack_max": 64 
	} 
} 
