{
	"foreign_ids": [
	],
	"itemskills": [
		{
			"ChargeTime": 1.5,
			"ChargeType": 0,
			"Cooldown": 20,
			"Costs": [
				{
					"CostTarget": 4128,
					"CostType": 1,
					"CostVal": 10 
				} 
			],
			"Functions": [
				{
					"AttackType": 0,
					"AttackVal": 0,
					"BuffID": 3001,
					"Duration": 8,
					"Odds": 100 
				} 
			],
			"RangeType": 0,
			"RangeVal1": 1000,
			"RangeVal2": 300,
			"RangeVal3": 300,
			"SkillType": 1,
			"TargetCamp": 1,
			"name": "feature_buff",
			"priority": 0,
			"templateid": 104 
		} 
	],
	"mod_desc": {
		"author": "1002769323",
		"filename": "SpellEarthSupport",
		"uuid": "667f325c-1ff1-11e7-93ae-92361f002671",
		"version": "1" 
	},
	"property": {
		"copyid": 10100,
		"describe": "#cFF00FFChacra: -10\n#YEffect: Recover 5 hp each 4 seconds.\n",
		"icon": "*11312",
		"id": 4128,
		"model": "*11312",
		"name": "Nauture Link",
		"stack_max": 64 
	} 
} 
