{
	"foreign_ids": [
	],
	"itemskills": [
		{
			"ChargeTime": 1.5,
			"ChargeType": 0,
			"Cooldown": 14,
			"Costs": [
				{
					"CostTarget": 4146,
					"CostType": 1,
					"CostVal": 0 
				} 
			],
			"Functions": [
				{
					"AttackType": 0,
					"AttackVal": 0,
					"BuffID": 17001,
					"Duration": 5,
					"Odds": 100 
				} 
			],
			"RangeType": 0,
			"RangeVal1": 1000,
			"RangeVal2": 300,
			"RangeVal3": 300,
			"SkillType": 1,
			"TargetCamp": 1,
			"name": "feature_buff",
			"priority": 0,
			"templateid": 104 
		} 
	],
	"mod_desc": {
		"author": "1002769323",
		"filename": "SpellFireSupport",
		"uuid": "667f325c-1ff1-11e7-93ae-92361f002671",
		"version": "1" 
	},
	"property": {
		"copyid": 10100,
		"describe": "#cFF00FFChacra: -10\n#YEffect: Get extra damage for 7 seconds.\n",
		"icon": "*11318",
		"id": 4146,
		"model": "*11318",
		"name": "Lava Energy",
		"stack_max": 64 
	} 
} 
