{
	"foreign_ids": [
	],
	"itemskills": [
		{
			"ChargeTime": 1.5,
			"ChargeType": 0,
			"Cooldown": 5,
			"Costs": [
				{
					"CostTarget": 4122,
					"CostType": 1,
					"CostVal": 10 
				} 
			],
			"Functions": [
				{
					"BlowUpPower": 60,
					"RepelPower": 50 
				} 
			],
			"RangeType": 1,
			"RangeVal1": 500,
			"RangeVal2": 500,
			"RangeVal3": 300,
			"SkillType": 1,
			"TargetCamp": 2,
			"name": "feature_attack_fly",
			"priority": 0,
			"templateid": 102 
		} 
	],
	"mod_desc": {
		"author": "1002769323",
		"filename": "SpellWindMelee",
		"uuid": "667f325c-1ff1-11e7-93ae-92361f002671",
		"version": "1" 
	},
	"property": {
		"accumulate_time": 0.5,
		"attack": 10,
		"attack_consume": 0,
		"collect_consume": 0,
		"copyid": 12005,
		"describe": "#R+DMG: 10 (Melee)\n#YEffect: Knockback Enemies in front of you #cFF00FFChacra: -10",
		"icon": "*12004",
		"id": 4122,
		"model": "*12004",
		"name": "North's Sitck",
		"tool_duration": 2000,
		"tool_efficient": 0,
		"tool_level": 0,
		"tool_repare_amount1": 100,
		"tool_repareid1": 11203,
		"tool_type": 6 
	} 
} 
