{
	"foreign_ids": [
	],
	"itemskills": [
		{
			"ChargeTime": 1,
			"ChargeType": 1,
			"Cooldown": 25,
			"Costs": [
				{
					"CostTarget": 4216,
					"CostType": 1,
					"CostVal": 0 
				} 
			],
			"Functions": [
				{
					"ProjectileID": 4158,
					"SpeedAdd": 0 
				} 
			],
			"SkillType": 1,
			"TargetCamp": 2,
			"name": "feature_throw",
			"priority": 0,
			"templateid": 105 
		} 
	],
	"mod_desc": {
		"author": "1002769323",
		"filename": "SpellFireUltimate",
		"uuid": "667f325c-1ff1-11e7-93ae-92361f002671",
		"version": "1" 
	},
	"property": {
		"copyid": 10100,
		"describe": "#YEffect:Realeases a chain of fire that will increate 3 times. last 10 seconds #cFF00FFChacra: -90",
		"icon": "*742",
		"id": 4157,
		"model": "*746",
		"name": "Eruption #cFF8000[Ultimate]",
		"stack_max": 64 
	} 
} 
