{
	"foreign_ids": [
	],
	"itemskills": [
		{
			"ChargeTime": 1.5,
			"ChargeType": 0,
			"Cooldown": 3,
			"Costs": [
				{
					"CostTarget": 4115,
					"CostType": 1,
					"CostVal": 15 
				} 
			],
			"Functions": [
				{
					"BlowUpPower": 30,
					"RepelPower": -120 
				} 
			],
			"RangeType": 0,
			"RangeVal1": 1000,
			"RangeVal2": 300,
			"RangeVal3": 300,
			"SkillType": 1,
			"TargetCamp": 1,
			"name": "feature_attack_fly",
			"priority": 0,
			"templateid": 102 
		} 
	],
	"mod_desc": {
		"author": "1002769323",
		"filename": "SpellWindDefence.json",
		"uuid": "667f325c-1ff1-11e7-93ae-92361f002671",
		"version": "1" 
	},
	"property": {
		"copyid": 10100,
		"describe": "#cFF00FF-Chacra: 15\n#YEffect: Jump backwards very fast",
		"icon": "*11303",
		"id": 4115,
		"model": "*11303",
		"name": "Leap of winds",
		"stack_max": 64 
	} 
} 
