{
	"foreign_ids": [
	],
	"itemskills": [
		{
			"ChargeTime": 3,
			"ChargeType": 0,
			"Cooldown": 1,
			"Costs": [
				{
					"CostTarget": 4104,
					"CostType": 1,
					"CostVal": 0 
				} 
			],
			"Functions": [
				{
					"TreatType": 1,
					"TreatVal": 7 
				} 
			],
			"RangeType": 0,
			"RangeVal1": 1000,
			"RangeVal2": 300,
			"RangeVal3": 300,
			"SkillType": 1,
			"TargetCamp": 1,
			"name": "feature_cure",
			"priority": 0,
			"templateid": 106 
		} 
	],
	"mod_desc": {
		"author": "1002769323",
		"filename": "SpellChacraRestore",
		"uuid": "667f325c-1ff1-11e7-93ae-92361f002671",
		"version": "1" 
	},
	"property": {
		"copyid": 10100,
		"describe": "#cFF00FFrecover#n 15 of #cFF00FFchacra",
		"icon": "*14001",
		"id": 4104,
		"model": "*14001",
		"name": "#cFF00FFMeditation",
		"stack_max": 64 
	} 
} 
