{
	"foreign_ids": [
		{
			"id": 100082,
			"key": "1002769323667f325c-1ff1-11e7-93ae-92361f0026711520543573" 
		} 
	],
	"itemskills": [
		{
			"ChargeTime": 1.5,
			"ChargeType": 0,
			"Cooldown": 5,
			"Costs": [
				{
					"CostTarget": 4169,
					"CostType": 1,
					"CostVal": 15 
				} 
			],
			"Functions": [
				{
					"BlowUpPower": 50,
					"RepelPower": -100 
				} 
			],
			"RangeType": 2,
			"RangeVal1": 1000,
			"RangeVal2": 1000,
			"RangeVal3": 1000,
			"SkillType": 1,
			"TargetCamp": 2,
			"name": "feature_attack_fly",
			"priority": 0,
			"templateid": 102 
		} 
	],
	"mod_desc": {
		"author": "1002769323",
		"filename": "SpellWindArea",
		"uuid": "667f325c-1ff1-11e7-93ae-92361f002671",
		"version": "1" 
	},
	"property": {
		"copyid": 10100,
		"describe": "#YEffect: Pull al enemies in a range of 10 to your position. \n#cFF00FFChacra: -15",
		"icon": "*710",
		"id": 4169,
		"model": "*710",
		"name": "Windmirld",
		"stack_max": 64 
	} 
} 
