{
	"foreign_ids": [
	],
	"itemskills": [
		{
			"ChargeTime": 1.5,
			"ChargeType": 0,
			"Cooldown": 7,
			"Costs": [
				{
					"CostTarget": 4129,
					"CostType": 1,
					"CostVal": 10 
				} 
			],
			"Functions": [
				{
					"ProjectileID": 4130,
					"SpeedAdd": 0 
				} 
			],
			"SkillType": 1,
			"TargetCamp": 1,
			"name": "feature_throw",
			"priority": 0,
			"templateid": 105 
		} 
	],
	"mod_desc": {
		"author": "1002769323",
		"filename": "SpellWindSupport",
		"uuid": "667f325c-1ff1-11e7-93ae-92361f002671",
		"version": "1" 
	},
	"property": {
		"copyid": 10100,
		"describe": "#cFF00FFChacra: -10\n#YEffect: target ally unit get extra speed for 5 seconds.\n",
		"icon": "*11095",
		"id": 4129,
		"model": "*11095",
		"name": "Pulling Wind",
		"stack_max": 64 
	} 
} 
