{
	"foreign_ids": [
	],
	"itemskills": [
		{
			"Costs": [
			],
			"Functions": [
				{
					"BlowUpPower": 20,
					"RepelPower": -35 
				} 
			],
			"RangeType": 2,
			"RangeVal1": 1100,
			"RangeVal2": 1100,
			"RangeVal3": 1100,
			"TargetCamp": 2,
			"name": "feature_attack_fly_throw",
			"priority": 0,
			"templateid": 202 
		} 
	],
	"mod_desc": {
		"author": "1002769323",
		"filename": "SpellWindUltimateDummyAmmo",
		"uuid": "667f325c-1ff1-11e7-93ae-92361f002671",
		"version": "1" 
	},
	"property": {
		"attack_type": 0,
		"break": false,
		"can_throw": false,
		"copyid": 10103,
		"describe": "",
		"gravity": 1,
		"icon": "*11807",
		"id": 4151,
		"model": "*15057",
        "projectile_model_rid": 12052,
		"name": "SpellWindUltimateDummyAmmo",
		"pickable": false,
		"projectile_attack": 0,
		"speed_decay": 0,
		"speed_init": -1,
		"stack_max": 64,
		"trigger_condition": 3,
		"trigger_delay": 0 
	} 
} 