{
    
    "name":"Elements",
	"en_name":"Elements",
	"tw_name":"Elements",
	"tha_name":"Elements",
	"esn_name":"Elements",
	"ptb_name":"Elements",	
	"fra_name":"Elements",	
	"jpn_name":"Elements",	
	"ara_name":"Elements",	
    "description":"Add elemental skills to your map!",
	"en_description":"Add new cool weapons to your map!",
	"tw_description":"添加新的酷武器到你的地图！",
	"tha_description":"เพิ่มทักษะธาตุในแผนที่ของคุณ!",
	"esn_description":"¡Agrega poderes elementales a tu mapa!",
	"ptb_description":"Adicione habilidades elementares ao seu mapa!",
	"fra_description":"Ajoutez des compétences élémentaires à votre carte!",
	"jpn_description":"为您的地图添加元素技能",
	"ara_description":"لخريطتك!إضافة أسلحة باردة جديدة",
    "author":"YeyoCore / MrMWBA",
	"en_author":"YeyoCore & MrMWBA(MG Pix)",
	"tw_author":"YeyoCore & MrMWBA(MG Pix)",
	"tha_author":"YeyoCore & MrMWBA(MG Pix)",
	"esn_author":"YeyoCore & MrMWBA(MG Pix)",
	"ptb_author":"YeyoCore & MrMWBA(MG Pix)",
	"fra_author":"YeyoCore & MrMWBA(MG Pix)",
	"jpn_author":"YeyoCore & MrMWBA(MG Pix)",
	"ara_author":"YeyoCore & MrMWBA(MG Pix)",
    
    
	"api_version": "0.14.0",
	"authoruin": 1002769323,
	"open_edit": true,
	"pack_version": "0.1",
	"restart_required": false,
	"standalone": false,
	"uuid": "2b96d66d-509b-475b-96fe-7fc131bc2b90" 
} 
