{
	"foreign_ids": [
	],
	"item_property": {
		"desc": "Can be made into a toolbox (to make more items)",
		"describe": "Can be made into a toolbox (to make more items)",
		"icon": "",
		"id": 207,
		"model": "",
		"name": "Protection Barrel" 
	},
	"mod_desc": {
		"author": "1002769323",
		"filename": "LarchPlank",
		"uuid": "667f325c-1ff1-11e7-93ae-92361f002671",
		"version": "1" 
	},
	"property": {
		"anti_explode": 496,
		"breakable": false,
		"burn_speed": 0,
		"catch_fire": 0,
		"english_name": "LarchPlank",
		"hardness": 197,
		"id": 207,
		"light_src": 6,
		"move_collide": 2,
		"slipperiness": 1,
		"tool_mine_drop1": 207 
	} 
} 
